our duck and chicken are taking wayyy too long to hatch ,0
@oanhLove I hate when that happens... ,0
"I have a sad feeling that Dallas is not going to show up  I gotta say though, you'd think more shows would use music from the game. mmm",0
"@BatManYNG I miss my ps3, it's out of commission  Wutcha playing? Have you copped 'Blood On The Sand'?",0
I had such a nice day. Too bad the rain comes in tomorrow at 5am ,0
@katortiz  Not forever... See you soon!,0
"@Lt_Algonquin agreed, I saw the failwhale allllll day today. ",0
@jdarter Oh! Haha... dude I dont really look at em unless someone says HEY I ADDED YOU. Sorry  I'm so terrible at that. I need a pop up!,0
Why won't you show my location?!   http://twitpic.com/2y2es,0
No picnic  my phone smells like citrus.,0
"@ashleyac My donkey is sensitive about such comments. Nevertheless, he'd (and me'd) be glad to see your mug asap. Charger is still awol. ",0
No new csi tonight.  FML,0
i think my arms are sore from tennis ,0
wonders why someone that u like so much can make you so unhappy in a split seccond . depressed . ,0
sleep soon... i just hate saying bye and see you tomorrow for the night. ,0
My tummy hurts.  I wonder if the hypnosis has anything to do with it? If so, it's working
why is it always the fat ones?! ,0
"so rylee,grace...wana go steve's party or not?? SADLY SINCE ITS EASTER I WNT B ABLE 2 DO MUCH  BUT OHH WELL.....",0
"hey, I actually won one of my bracket pools! Too bad it wasn't the one for money ",0
"@stark YOU don't follow me, either  and i work for you!",0
A bad nite for the favorite teams: Astros and Spartans lose.  The nite out with T.W. was good.,0
 Body Of Missing Northern Calif. Girl Found: Police have found the remains of a missing Northern California girl .. http://tr.im/imji,0
"@mangaaa I hope they will increase the capacity fast, yesterday was such a pain. Got the fail whale +15 times in 2 hours.... ",0
Behind on my classes for work ,0
watching &quot;House&quot; ,0
@kpreyes Remember my bum leg? Strikes back this time its serious ,0
"@paradisej cool, i will. their are all kinds of complaints about this laptop online about overheating, but no recalls ",0
Emily will be glad when Mommy is done training at her new job. She misses her.  http://apps.facebook.com/dogbook/profile/view/6176014,0
would rather the first party send bad messages than the 3rd party send mixed ones  Sophmore year all over again?,0
@Henkuyinepu it's overrated ,0
@marykatherine_q i know! I heard it this afternoon and wondered the same thing. Moscow is so behind the times ,0
laying in bed with no voice.. ,0
I'm sooo sad!!! they killed off Kutner on House  whyyyyyyyy,0
@jacobsummers Sorry  tell them mea culpa from me and that I really am sorry.,0
"@Alliana07 it didn't make any sense to me, the suicide thing. I refuse to believe that that is actually what happened. ",0
@salancaster  hope your ok.,0
@mercedesashley Damn! The grind is inspirational and saddening at the same time.  Don't want you to stop cuz I like what u do! Much love,0
@HibaNick yeah aw but i know i wudnt stand a chance ,0
ugh. cant sleep. its 1:30am. ,0
Hanging in Crooners. Wanna sing. Can't. Sucks. ,0
@eRRe_sC aaw i miss ya all too.. im leaving to BH tomorrow &quot;morning&quot; i think.. aww i wanna go to the beach w u girls!! ,0
Is pissed off that there's no ASBA's for a radio station. ,0
wednesday my b-day n don't know what 2 do!  ,0
I know my life has been flipped upside down when I just thought in my head that some Ramen sounds good. ,0
I am in pain. My back and sides hurt. Not to mention crying is made of fail. ,0
"Late night snack, glass of OJ b/c I'm &quot;down with the sickness&quot;, then back to sleep...ugh I hate getting sick... ",0
@allyheman but.. but.. but.. I'm not a big fan on camilla belle ,0
"@grum WAH I can't see clip, must be el-stupido work filters. Can't wait 'till I get a 'puter. Something else 2 blame ex 4. He broke mine ",0
This week just seems to get longer and longer in terms of how much I need to do.. and how much I'm actually going to get done ,0
I'm so cold ,0
@thecoolestout Ehhh don't. Weather's gonna take a turn for the ugly tomorrow ,0
@chelserlynn haha its so cooooold in the d! and no  but you should still go to the show. they do some incredible stuff,0
Hoping the tummy rumbles go away soon ,0
"@Knights_ No, no notice. They told me I'd be working tomorrow, and then I called the agency to follow up and they said it was over. ",0
almost bedtime ,0
I'm missing you babe..  but as long as your alive I'm happy.. Yawwwnn.. I'm tired my love imma try to sleep hopefully you had a headstart,0
Agh...snow!!! ,0
i miss kenny powers ,0
"@BridgetsBeaches Thank you for letting people know, but now I'm sad that the direct message I got wasn't actually from Bridget ",0
"...and, India missed out its 100th Test victory n 10th consecutive win without a loss. ",0
@JonathanRKnight I guess that's a no then. ,0
sadly is going to bed. ,0
@ozesteph1992 Shame to hear this Stephan ,0
@mrsaintnick hey! i'm leavin in the morning... ,0
"Was intending to finish editing my 536-page novel manuscript tonight, but that will probably not happen. And only 12 pages are left ",0
laid around too much today... now my head hurts ,0
@twista202 I still haven't read the 9th&amp;10th Princess diaries  Saving Francesca made me cry at the end. Hmm those are easy books.,0
my nokia 1110 died..  ,0
My mom might have breast cancer won't find out anything for. Like a week I'm so worried! ,0
Going to sleep. Hoping tomorrow is a better day. ,0
@rumblepurr lol.. wish they understood daylight savings has ended though and breakfast is an hour later  They keep waking the kids up too,0
@onemoreproject that is lame ,0
I don't understand... I really don't ,0
HEROES just isn't doing it for me this season... ,0
Living not downtown sure isn't much fun.  ,0
@jonathanchard Not calorie wise   I wish junk food was calorie free! I ate a thing of sour skittles and a big ass cherry coke!,0
Man Work is Hard ,0
"getting sick  time for some hot tea, studying, and then sleeeep",0
Getting eyebrows waxed. More pain ,0
No phantasy star yesterday  going to work...,0
Oh - Just got all my MacHeist 3.0 apps - sweet. Didn't get the Espresso serial no though although they said they sent it - oh well ,0
Picked Mich St to win it all from the get go.  Was feeling pretty good about that pick all the way up until......tonight.  A's lost too ,0
is alone downstairs...working ,0
I feel bad for doing it ,0
"@RyanSeacrest is it just me, or she hates anoop. i mean seriously, she's kinda mean to him. ",0
@pinkserendipity yes sprint has 4g only in baltimore and chicago so far ,0
I'm stuck awake in the middle of the night for the second day in a row. And I felt terrible yesterday. ,0
Thanks for bursting my bubble ,0
Going to school soon... can't find anything to wear!! gosh it's so hard ,0
@marieclr I was serious  LOL,0
@naughtyhaughty I had on my page for sooooo long!!! Until it got deleted  Sad day in history,0
Crazy wind today = no birding  http://ff.im/1XTTi,0
currently at work.. ,0
Grrr.. my ipods acting weird too! Jai ho and thinking of you aren't playing the full songs.. ughh. ,0
@penndbad send me the DVD cos I have missed out on heaps  NOT happy about that!,0
i don't see the big deal with this website ,0
@machineplay I'm so sorry you're having to go through this. Again.  #therapyfail,0
@ColinDeMar Far too out of the way for rail.  any other tips?,0
I'm not still up I swear. Why do I keep losing. gaining. losing. gaining. tweeps?  So heart wrenching.,0
"Today I realized I am too good at hiding things, even I can't find it ",0
"Staying at a friends house...house sitting, neighbors are SO loud-having a party ",0
@dannyvegasbaby danny im upset that i wasnt here to watch the live chat  i was in a car. for 3 hours on a trip im soooo upset!!,0
Check out my mug  http://www.erika-obscura.blogspot.com,0
Borders closed at 10 ,0
Downloading NIN's new album &quot;the slip&quot; - when the hell did this come out? I'm so behind the times these days ,0
Just woke up an already have written some e-mail... I've to go early at University today as I have to teach at 8:30 AM! ,0
is watching the hill . . .and its making me sad ,0
So many channels.... yet so so boring... lazy day again  may have to find a hobby,0
@supersport I miss my buddy  ill be in NY on the 25th,0
@robluketic  love the french. I tell people here in the south i'm qtr. french and they snarl at me.  french are beautiful people,0
Opps.. As I said.. I still got one day remain and now problem come ,0
"I activated my Selfcontrol block early, meaning I can't check out the new QC.  Regularizing my internal clock is might be difficult. #fb",0
@HillyDoP  oH NO,0
spencer is not a good guy. ,0
"@goodlaura What about Reese dying on #TTSC? And season finale next week.  #24 boring, Madame President is a crazy woman.",0
"@JonathanRKnight I hate the limited letters,too.Hope you and the guys are fine?I pray for my dog,she�s not well ",0
didn't get shit done today ~ i'm so screwed ,0
wanttss to go out ,0
Is not going to sleep tonite. ,0
too worried and tired to post tonight ,0
couldn't get shit done today ~ i'm so screwed ,0
"Job Interview in Cardiff today, wish me luck! Got about 3 hours sleep ",0
"@stustone Your show is whack. Way worse than whack, it's wiggety-whack.    :*(:*(:*(",0
@DjAlizay I really don't think people choose to be that way. But I think he chose not to accept my family's help   He might be dead by now,0
"@eloquentembrace You're going to kill me, but I've not seen DS9. I've been waiting till I can do it in one solid week sitting. ",0
@cheechbud i think ur right!! hahaha!! 4.5 hrs now!! ,0
i hate to see the spartans so sad ,0
My mind and body are severely protesting this &quot;getting up&quot;  thing. Had nightmares to boot ,0
"@MySteezRadio I'm goin' to follow u, since u didn't  LOL  GO ANGELS!",0
@mandayyy ,0
@twista202 I think I want to read some books but the library doesn't have them ,0
My nap was interrupted so many times today  Going out for Japanese with the 'rents again...,0
Kind of longs for the bus that shows up at the end of Ghost World right now. Ugh. ,0
@GuruMN but this is canada  canada is weird. we're supposed to get snow through wednesday. ugh.,0
Awwh babs... you look so sad underneith that shop entrance of &quot;Yesterday's Musik&quot;  O-: I like the look of the new transformer movie ,0
sad that the 'feet' of my macbook just fell off ,0
I'm gonna get up late tomorrow and it's 132am here. I gonna get tipsy by my lonesome. That's...that's just sad ,0
"I'm sweating my forthcoming trip to E3.  If I can't find someone to crash with while I'm out there, I may be screwed.  ",0
"Has now gotten somebody to read his tweets, but cant get them to make an account. ",0
@infinitydefines  omgawd i couldnt handle my cat being in heat all the time D: D:,0
@DonnieWahlberg I hope i can make it to the auburn show. but its not looking good for me ,0
@David_Henrie *thats people mag haha i couldnt fit it all in.. i dont think those pictures ever made it in the magazine tho!  haha,0
@breadandbadger Congrats!!  i totally forgot to submit photos ,0
"@PaulaAbdul awww, Good luck Paula!! Please don't work too hard  but I hope you have fun  Your new album is gonna be amazing!  xxx",0
@imaginarypeach now your leaving me  .... -gets sad-,0
"I miss you twitter. My phone broke, now I'm using a stupid Nokia phone. Ughhh, I miss my advance phone. ",0
SHOOTING OUTSIDE MY HOUSE :O NOT KIDDING! So SCARED ,0
Tuesday�ll start with reflection �n then a lecture in Stress reducing techniques. That sure might become very useful for us accompaniers ,0
What tragedy and disaster in the news this week ,0
yes yes still trying to find a picture that will upload correclty.. ,0
Why oh why was the Red Sox game rained out? I was so looking forward to opening day ,0
I still can't find my keys. ,0
@charlietm I know right. I dunno what is going on with twitter. ,0
might be getting a sore throat again ,0
@labelsnotlove   my home town. My mammy called all depressd.  Pls explain y a parent let their 8yr old child walk alone? Hello? Its 2009!,0
@ircmaxell - I think I need to find better anti-depressants.  I think this Paxil/Wellbutrin combo is losing its efficacy.  ,0
@MyConnecticut Restaurant called WoodNTap has competitive eating tourney round tourney time. We place 2nd ,0
is in the bathroom... wake up lakin. ,0
@CaitlinOConnor i want tacos and margarhitas  telll gay i say hello&lt;3,0
"im lonely  keep me company! 22 female, california",0
bad day at the betfair office ,0
I miss him.  Can't wait to celebrate the Tar Heel win this weekend though!!,0
I'm really cold. I don't want to go to sleep yet but there's nothing to do ,0
@kristencampisi is this it 4 u? Its ' officially over ' 4 me this go round! ,0
monkeys??? i just found out you my twin and you wont even write back.  i'm heartbroken,0
@miss_om Aww  I know I felt like that yesterday at work ,0
@SarahReedSC treaty isn't defined ,0
missed Brent at praise band.   No fun to not have the your lead guitarist.  &lt;pout&gt;,0
@jpfurry poor john  this is what happens when you play with fruit and a microwave! Seriously though HAVE you seen a doctor?? Xxx,0
Missing My BFF  watching home and away it reminds me of her and me  we &lt;3 It. shout out to u courts,0
@mandayyy   ,0
New video card is DOA. ,0
"feeling lost, naked and confused (JK, sort of).....no iphone for me. ",0
"Damn i am so late at filling this appraisal form, people have almost sent it .. i was so occupied in work ",0
missed Brent at praise band.  No fun to not have your lead guitarist. &lt;pout&gt;,0
i think to much on the past. i cant change it. i deserved so much more then wat i got. ..but why am i still thinking about him  gah,0
has lost his ring. It's no-where to be seen ,0
"@burgaw Ooooooh! *sealclap* See, I download shitloads of zip folders off 4chan. I have no internet moneys.  FUCK YEAH ALICIA &amp; MIKEY.",0
Is still nursing my Nile but glad he is feeling better. I hate when my baby is sick ,0
Is fucked to go back to IC ,0
@Brandizzzle08 yoyoyo. my internet has been rude tonight. it JUST reconnected and I'm about to go to bed. ,0
@jemcam well i have uni stuff and netball  but after netbal if i've done uni stuff we can,0
@kissability Me too I is poor ,0
help me forget 8th april &amp; 13th july! ,0
"dierks bentley is comin' to columbus, OH!! i wanna go so bad ",0
i have to take my sidekick back. ,0
@chriscantore congrats! I'm totally jealous! only wish my XM was working ,0
gr8t my face is very itchy ,0
poor socks  luvvvvv the golden retriever!! I want one sighhhh,0
I just saw that they found that Tracy girl in a piece of luggage... How fucking terrible ,0
Aaaaand the nausea is back. ,0
@DonnieWahlberg ooh I�m excited and not even going 2 be there  long love YOUTUBE!,0
spent 1 hour to reach to Axis bank only to find out today is holiday for Mahavir Jayanti  contd..,0
@mathewsmichael  i agree... the jobros dont update theres very often ,0
@fishmouse it is hilarious and I linked the clip from LJ some time ago but when I went back just now it was a dead link ,0
@DiannePulham OOOOOOOO who with? (im not neither but thats because i need to study  ),0
"Haven't tweeted nearly all day  Posted my website tonight, hopefully that goes well  Night time!",0
@bostongarden I miss bentley ,0
seriously needs to finish these job applications ,0
"My son Vincas is sick, so I stay at home  Just three tense days at work, and I am back on holiday with kids",0
Whinging. My client&amp;boss don't understand English well. Rewrote some text unreadable. It's written by v. good writer&amp;reviewed correctly. ,0
@huntermoore I don't want him to ever punch me.  ,0
sooo sick of the snow  ughh,0
@ITS_NEMESIS ------- ,0
@LoveMeagan it doesn't work your fan is upset ,0
I would like to apologize for the repeated Video Games Live related tweets. I am going to have a stern discussion with Koodo soon. Stern. ,0
@zaydia but i cant figure out how to get there / back / pay for a hotel etc ,0
"FML: So much for seniority, bc of technological ineptness, I now have to &quot;register&quot; for classes AGAIN ",0
feels like she slept the day away.    Not looking forward to any more bouts with my gallbladder.  At least I have pills now for the pain.,0
@ThaStevieG but what I really want is my old bass back ,0
Mad tired today... Callin it in early tonight  nighty night twittas,0
"@LevenRambin: Take it easy, and be good to you. ",0
I'm afraid I had bad code. ,0
Think I'm going to bed. Goodniight. I hate this ,0
"@riancurtis  i'm here, friend, and i love you.",0
@kariajay  All this time you didn't notice I was gone...just needed DB2 is it??,0
@aaronrva is in the bathroom and i have to pee!    ,0
@ashleyskyy but I wanted a margarita too! ,0
@KourtneyKardash yup night workouts r the worst but unfortunetly my work schedule only allows me to go at night  its tough!,0
Just called Hillsong again - they said they couldn't tell me where I was on the waiting list - I don't know if it's looking so good ,0
"has 0g of milky bar left, and around 200ml of coke ",0
@jokerrrr It stillllll hasn't arrived ,0
"Mraow, I feel like dancing, but first art school wants to rape me some more. ",0
@karenucol ah! I bet it does I've been like craving to play softball or basketball !!! But I have noo time ,0
"@austinhill I wish I was!  Sold out   If you have some time let me know, I would love to hear more about what you are up to!",0
"http://twitpic.com/2y2wr - according to my bro, our new puppy had a poo fight and was covered in poop  (picture stolen from him)",0
playing game at home! my new boss didn't call me yet... ,0
Su yin Huen tweeted I feel unbearable guilt. I made my staff cry  http://tinyurl.com/cw2l9t,0
..and of course... I have access to my Halo 3 Mythic Map Pack re-download.. but bad news.. not the Legendary Map Pack... ugh.. 600MS... ,0
"@vene2ia ...not yet unfortunately, another few weeks I've been told  How are you? I've been a little bit busy with my latest project.",0
@thecoolestout Ha the sun's already gone ,0
day 2. a lot harder than day 1. let's see how day 3 goes tomorrow. ,0
My man crush Jake Peavy let me down  #gayforpeavy,0
"@trishzw megafast trip, you have time during day tom/weds? Or, you going out tonight? Want to see you bad. Tried to warn you, tech fail ",0
michigan state you make me sad ,0
omg. my mouth is in so much pain  i just wanna sleep untill its time to take my braces off.,0
getting annoyed easily today  &gt;&gt;&gt; biofuel proposal: getting annoyed easily today  &gt;&gt;&gt; biof.. http://tinyurl.com/ceprvs,0
@MizzChievouz Hey girl. The site is back.  Girlyvue is back and they have even more videos. ,0
@rcompo RACHEL! hang outage is neccessary - i was gonna be home this wekend but dumb folk make me work   so im free F and Sat until 4...,0
"still sick. feeling a bit better, got some new medicine.... hope I feel good after a night of sleep. ohh, and it's suppose to snow! WTF! ",0
"@Dangerm0use I think maybe you should get a couple more hours of sleep, hon. How productive can you be right now if ur dog tired? I worry ",0
@maddyVA Thanks a lot. Learned a lot of new words but didn't find what I was looking for. ,0
Wish I had all the XBLM downloads all on the gamertag 'Hitokyri'. This 5 gamertag thing is nonsense... and I'm tired of it ,0
New Testament Test at 9:30 am   ,0
I don't understand why things get taken away. I didn't have enough time with him its unfair. I want him back!! He was like my baby ,0
Scratch that: du in heif (two in a half) cookies. My tum just can't take anymore shoog. Poots ,0
@cococourtney i was just listening to the sweets for the first time in forever! i miss them so much  can we go to chi town for visits plz?,0
Wow. The most depressing thing in the world is losing a video that you've created in a matter of seconds.  #FML,0
@nchokkan https://www.mycomicshop.com/search?TID=395031 But all says not in stock ,0
"STOU site not update, no info about 2/2552 exam, and open course, I must wait for mail notices and doc. um... ",0
@ohsbrat30...I'm sorry. I'm feeling kinda yucky myself. 5am is going to come too quick ,0
is in love with scrappy and is missin him already ,0
wants to hear @seblefebvre 's song but myspace is messing with me ,0
Bad news was Dad has cancer and is dying   Good news new business started and  I am now a life coach practising holistic weight management,0
@duchess_rebecca Man... intervention is soo sad ,0
i want the new GG episode already ,0
I miss watching Rocko's Modern Life. ,0
RIP Sandra....its so sad    how can someone do something like that??,0
Keeping my fingers crossed for my buddy    He is not feeling well.,0
Wait should I eat?? Or be skinny for vegas!! I'm hungry! ,0
"@Marge_Inovera I tried tweetdeck once and I hated it with a passion. Or it hated me, I'm not sure... ",0
"@benackerman BTW my iPhone is acting funny, dying quickly and freezing and BS.  I'm not admitting anything, just sayin ",0
Sitting here wondering why &quot;ED&quot; still has such a strong hold on me ,0
@bananaface IM SORRY I GOT YOU SICK.  lol. going to bed too. NIGHT!,0
"@carolrainbow no Internet at home, have to drive into Ox to use Internet because of builders! ",0
@Steve_Buscemi the weather in Canada is freezing ,0
anyone who reads this pray for my Grandma. She's in pain ,0
"#3 woke up and was having an accident - &quot;It's pushing, it's pushing!&quot; he was crying because he couldn't stop from wetting his pants.  ",0
"Home from Franklin street, I almost jumped over a fire. Someone kicked it before I could.  Jenny lost her shoe.",0
@johnnybeane hey! you just changed your default. ,0
Finally gave in and was bored enough to start this thing. I think the 140 is going to be a problem for me tho.  its like a myspace status.,0
"@ellievolia If oooonly we were really so lucky, eh? And awh  Definitely too early for work.",0
buttload of homework! ,0
omg i've an economics test. and i dont know all the things i have to know and omg im gonna fail ,0
"@robcthegeek Once upon a time Hundred Islands was the pride of Philippine tourism, but coral/clam/rare fish poaching did it in. Kinda sad ",0
"@Henkuyinepu yeah, apparently i have really bad taste ",0
@hummiemd I KNOW! I was really surprised since everyone recommends them on youtube.  I have to call them tomorrow and figure it all out.,0
Waiting at the airport for my ride while I get harassed by 2 men trying to sell me ugly hats.. Why me?!  I just want to sleep..,0
i left my IDs at the location and now i can not go out to bars  FUCKKKKKKKKKKKKK,0
@celycarmo i'm sorry I don't understand your last comment ,0
@OfficialRandL when is the announcement? i stayed up late last night ,0
"@KishoreK this is strange, illegal torrents avlbl everywhere, legal DVD not in stock  What do I do now???",0
ITS NOT ENOUGH TO SAY THAT IMISS U ,0
This trolley has up packed in like sardines! Padre game and they REMOVE a car?! Good call MTS ,0
"@RandomlyNat Jeez, I was just trying to help  Haha.",0
@SupaMagg that happened to me saturday night. along with my glittery green lighter! ,0
trying to reduce the number of cigarettes in each day! ,0
yea it is so quiet around here cuz everyone has to work im bored to death with nobody to talk to ,0
gotta do my cooking assignment  its too hard,0
"@treesahquiche okay, about the applepears, I've talked to a few people and they've ALL had them before. No one ever told me, never ",0
"@jennifermf I know!  I'm a night owl by nature, hahaha Am I a time zone behind you? It's almost 1 here",0
@mamasvan lol - nope! but i did have complete #camerafail ,0
@maxime68 @megelder But! I'm useless if I don't sleep  It's not fair! I want all the fun as well!!!,0
My Pookie has a UTI.  I have to be Nurse Gabbie and get him back to 100%!!! No more sodas!!!!!!!!!!!!!!,0
@jillianfish tweet something damn it!  and hang out with me please? ,0
@anistorm ,0
"I'm SO behind in video games, and everything for that matter. I'm yesterday's news ",0
"@sleep_til_noon I did, it was the only one left but I got tempted and ate it soon as I got home  I had a chocolate velvet &amp; ate d mocha",0
Is stressing out because my blackberry keeps flashing a red alert status for no reason!! Its faking me out and I hate it!!! ,0
http://twitpic.com/2y34e - I wanna wear my Doc Martens out! Haven't worn them since December. ,0
When to the shoe repair shop and the guy could not find my shoes!  So I have to go back and see if he can find them in a couple days. ,0
@B_Barnett I did not really see that coming ,0
"just woke up from the most vivid, sketchy, not-cool dreams of my life. time to stare at the wall with the lights on. ",0
it'll take 3 days for my sister to get her passport ,0
@nicolerichie OH MY YES!! i miss ,0
Uh oh... I think I am getting sick ,0
Good GOD they ruined my belly button!!!  ,0
Watching Who Framed Roger Rabbit. Makes me miss Toon Town. ,0
"@akianz renting.. but very cheap renting, and awesome house. We had 3 buying attempts fall through ",0
running nose + spinning head = not a good combination for a meeting! ,0
@EazyDoesIt87 NEGATIVE.. you lost my vote of confidence ,0
Nasty budget due and my iphone is being sent to Apple today. ,0
@Sofii_Noel that�s bad ,0
"Dammit, episode 3 of Kings won't play for some reason  stopped in the middle now won't do anything",0
I'm so upset that I missed my chat and quiz online because my free internet has ceased ,0
can't believe it! I'm in disbelief of it all in a way really. How much can I take from people and always get hurt by others!! ,0
Car show season has started without me ,0
my throat is raw. ,0
@KevChoice I just don't get it. What in a persons mind could even have them on some ish like this???  My prayers are with her fam for real,0
@frago I hate you. I didn't need to see that. I need to call my therapist now. ,0
Twilight didn't come yesterday  fingers crossed for today,0
@NileLegania glad I was able help you feel better. I hate to see you sick  Love you!,0
is tireddddddd. want to sleep but i have an assignment to finish and an exam tomorrow to study for ,0
"You know, I was thinking... I need money ",0
omg..its jst teusday ,0
@ddlovato @David_Henrie ummmmm i cant find it. ,0
Just heard that they found Sandra Cantu... She was only 8 yrs old ,0
@corrosivecandy Ive forgotten how to snoo-snoo  I wonder if snoo-snoo and I will ever meet again...,0
@AmaNorris wow that last tweet made me seem like a giant sexist...sorry about that ,0
"My bathtub drain is fired: it haz 1 job 2 do, &amp; it iz FAIL. I got all Drano on its ass, &amp; iz STILL NOT DRAINING. I wanna shower, dangit!! ",0
stuck at home ,0
@nomadicmatt mine is 1/10  how do you get it up?,0
Duckling in famous children's book stolen from Boston's Public Garden - The Boston Globe http://tinyurl.com/dc2htx via @ShareThis OH NO!! ,0
"@Appomattox_News Thank you! However, I hate to be on the same list that includes 2 convicts.  ",0
"Heading to Altrincham, again! Out of hours install ",0
MORNING!!! Good im bloody knackered!!! Work is not for me today  HELPPP!!!! xxx,0
@jeffreecuntstar  I don't have a garage.  But you can park in my driveway!,0
@lauredhel  What happened?,0
"&quot;On popular music&quot; by T.W.Adorno is probably the most difficult reading ever prescribed, I'm actually struggling to continue ",0
"http://twitpic.com/2y36e - cant see the flowers falling  i dont have a camera, just my cellphone",0
"We've been good. I'm not liking the snow right now, was getting used to the nice Spring-like weather.  How about you?",0
@brian_armstrong What a pity YouTube is currently blocked in China.  I can't see the vids. ,0
@margaretcho what happened to your show it was the hightlight of my life ,0
This is the best leather sofa in the world!  It's in the office though which means I'm still here working ,0
Still 3 more days until my Internet gets uncapped ,0
"If he doesn't get better in a few days, he could have something lodged in his belly ",0
i Love my atekinzz so much. &amp;&amp; i soo miss her.. ,0
I wanna sneak into the zoo and play with the kitties ,0
@lolitariot oh no  hope you're not getting sick too!,0
@alejandralei i dont think i can cause its my cousins birthday party ,0
"Our sweet little man just fell asleep while waiting up for daddy and big brother to get home!  Poor baby, he missed them so much today!",0
the angel is going to miss the athlete this weekend ,0
trust is hard ,0
have watched that considering today. yaknow. shawnna tomomorrow;i need my bestfriend ,0
Grr i want to keep reading but if i do i wont have anything left to read ,0
"atekinzz, where in the world are you?? ",0
@RumLover No! u supposed to be my date ,0
"pears &amp; Brie, bottle of Cabernet, and &quot;Win a Date With Tad Hamilton&quot;... oh gawwd my life flashed forward to when I'm 40 with my 75 cats ",0
Crap. I need more dresses too. ,0
@kaeeeep yeah! i know! it was horrible!!!! ugh. saddening. ,0
@Brodhe geez ur no fun are you ,0
I wanna be in a punk rock band again ,0
@jyesmith That's a lot of angst for a Tuesday afternoon ,0
I'm very glad Britney isn't crazy anymore! That was one hell of a show! Now I'm sad that it's over.  Next up...AP at Cook County!,0
has a huuuge headache! omg I feel like crap! ,0
@Anistorm Sorry ,0
@cleders sorry...i was rooting for them too... ,0
"Man, that took forever. ",0
@shandasaurus  I see.,0
I am listing more items on ebay to sell!  Takes forever..meanwhile Coleman is watching The Hills season premier without me.. ,0
"Just got my presentation done, 23 slides done...  I'm crying for this week will be the hardest of all weeks.",0
Just lost $160 ,0
I don't like the previously on skins thing that starts at season two. I like it when it went straight into the intro like before ,0
@Houndour ...i wish i was there...i'm pretty good at scaring the shit out of people ,0
Going to sound vain... but running out of my fav lip gloss ,0
"@stuiy never again will I click on a link that screams, &quot;I'm a spider, I'm a spider&quot;. I should have known better. yucky ",0
Why is that when you have time off from work you get sick? ,0
@pratama Same iMac came out $320 more in Indonesia than the States. ,0
Dammit... I need to stop buying furniture ,0
@Miss_Sil no i was half asleep and turned off the laptop after that ,0
"Death is peaceful,  life however, bites ",0
 i think @JonathanRKnight lost the net ? sure hope not,0
"http://is.gd/r8Zf,  http://is.gd/r8Zy, and  http://is.gd/r8ZG - test footage with my girlfriend (in HD) The dark one is underxposed ",0
Such a tough game to watch tonight for State  Finally going to bed after also staying up to watch the season premiere of the Hills!,0
Seems jRuby support for hpricot is now two versions behind ,0
@JinxCat Unlike my sister...I still don't have one ,0
Fraking app store is pissing me off   http://tinyurl.com/c4ooho,0
Logging out. I need to study.... ,0
anyone else having problems accessing TTB??? I cant get on!!! ,0
I strongly dislike people who make stupid comments and dont know the whole story ,0
"@emmaketurah  i'm sorry Emma, is swarley a goldfish? i'm sad for u.",0
"All my tweets are already gone, aren't they  Missed you guys tonight.",0
Can't sleep again. Face is kinda swollen. Don't let me be allergic to the thing that'll get me to Thursday. School tomorrow? Doubtful. ,0
"@Snick_the_Dog If Izzy's on the cat tree, she'll stare him down, but if she's on the floor, he chases and she runs. ",0
I am officially banning godaddy.com from my comp. My head hurts from the small print AND I wasted $10 that could've happily gone to Boba ,0
@HumanOpium pretty much just scary for me ,0
@ilovepie mines too... I'm finding it well hard to get fit... ,0
"Good morning! Ready 2 go, but I want 2 go back 2 bed ",0
hates waiting for mails ,0
wheat bread from the dollar store just doesn't toast nicely  going over my taxes and calling it an early night,0
"Why Kutner? I mean I knew something was going to happen to someone but it was so sad. I &lt;3 House and it was well done, but I'm still sad ",0
@JonathanRKnight aw ok goonite....  ,0
ill so i cant go to the cinema!! ,0
Fell asleep . . . Really didn't mean too  *christina*,0
"@KelleyRowe hey, you remember that time we used to be friends?? ;)  ugh. vomit. sick.  i need sleep ",0
my lymph nodes are as massive as rahm emanuel's balls right now ,0
Oh no my computer sucks. I don't think i'll be able to listen to the Xbox 360 Fancast tonite ,0
is missing playing my trumpet ,0
My throat is still really sore. I was meant to be going on a 5 day camp from Friday but not so sure now ,0
@sasii I know exactly how you feel! ,0
At work ,0
Well bed time now. 1 am. *sighs* Back to 6 am mornings for a week on Wednesday. ,0
@hert Jesus Camp? Yeah... ,0
"@MaryBethune oh no! with everything that happened today, i forgot we were going dress shopping for the opera tomorrow. ",0
Turtles are better than my Mac - lasts longer and moves faster ,0
I am soaked. This is not pleasant ,0
@ginayates Sorry to hear about Maggie.    Thoughts to your mum.,0
"@ewarden, you may have to email this one to me  I hope you feel better.",0
@miamiiboii dead @ yu gettin on wen im leavin ,0
@arlenecd PLEASE TELL ME THAT'S SOMEWHERE CLOSE TO CALIFORNIA!!! LOL! ,0
@phlaimeaux where are you? ,0
stupid arranged marriages... i'll convert so you can marry me...love you! ,0
"@emilyruppe Well he said that he is a looser, and that is what the show implies ",0
Poor Sandra Cantu &amp; the Cantu family! My prayers go out to them! What a sick world we live in. She was only 8 ,0
fuck omg  austins always there though man &lt;3 love you,0
@nicolerichie I cried so hard when Matthew died ,0
sad that the 'feet' of my macbook just fell off : sad that the 'feet' of my macbook just fell off ,0
@chordsy - why am I the last to find out about these things? Like that you're on the twitter too. ,0
@lovebscott absolutely not!! ,0
http://twitpic.com/2y3cf - Filled with curry  the true indian in me is coming out,0
im soooo cold right now ,0
@heidimontag lol I kant believe cam got beat upp sooo embarasssiiiin ,0
@JonathanRKnight Good Knight hun! Looking forward to ur tweets again! Hate that i keep missing out on the fun cuz of the time difference ,0
Tumblr: This is exactly how it feels wearing a �tie�  http://tinyurl.com/c8bvqh,0
@daniela_95616 hahaa!! i just realized &quot;impune&quot; definitely isnt the word i wanted... dang. i'm so unclever. ,0
watching old videos of dance team and such... makes me miss it  ,0
Wahh  no CSI anywhere! DVR'ed I Love Money 2 though - gonna watch it then sleep - Goodnight Tweeters&lt;3,0
Struggling hard with Inventory ,0
@ddlovato Do you hate us?? Please don't ,0
@ballinbitch haha im not THAT ballin. I still got bills to paaaaay ,0
I'm in one of those days when I really just want to work from home.  Crap. ,0
@paul_e_wog Wait...is it a game or just episodes? I'm so confused. ,0
@carlyw66 HAHA. I cried...  I guess he did....,0
I don't get statistics!  Its all a bunch of mumbo jumbo for me.,0
"@sloanb Got it, sadly, only works for UK &amp; US at the moment ",0
Evicted ,0
doesn't enjoy learning CSS. ,0
@nachojohnny Brian don't make me fuck u up LOL I replied 2 ur message...did u get my # ? I miss u ,0
"@heidimontag I  dvr'd it and went to watch it, apparently the dish network went down SO I MISSED IT    I will have to catch a rerun!",0
@JessDubb lmao. U may have to wait for another season to come thru. its summe boo. Hot nd dry ass weather ,0
@LizChavez I can't set my feet on the ground. The missing eyelid people might get me!  ,0
@daniela_95616 my english professor would be ashamed. ,0
[-O] I wish the frogs weren't becoming extinct    http://tinyurl.com/cxe8w7,0
"Came home from Cross County, Tired as ",0
I don't want to walk home in this snow. Who wants to pick me up? ,0
"@heidimontag Lauren is being stubborn. she loves you, you love her.  I feel so bad for you, though. it made me cry  lol!",0
is grouchy. and wants bmar ,0
"my heart is broken every morning dropping Foo at pre school, now i understand when moms say &quot;he has my heart broken&quot;. ",0
Not feeling well and back hurts ,0
Im in the mood for some chocolate. I want..... Miniature Reeses cups. Now ,0
I can't take this heat! It's like an oven in here. I feel sick nwo ,0
@nick_carter Come to the chat  just 15 minutes  please? http://fanclub.backstreetboys.com/chat.php,0
Boredd. Colddd  Internet keeps stuffing up,0
"I had a horrible nightmare last night which affected my sleep, now I'm really tired ",0
"im lonely  keep me company! 22 female, new york",0
@Born_4_Broadway Lost  and it was St. Ignacius Prepatory School. Haha.,0
@birutagme yeah  it was really depressing... stuff like that gets to me,0
"@whoisariston No problem, tongue-in-cheek remark.  Lots of acronyms, but no NZ ",0
@greggrunberg hey you said matt was gonna go all ballistic... i was disappointed  good ep tho mostly,0
ugh horrible ending to the sandra kantu story  prayers go out.,0
finding it really hard to use twitter ,0
I've been stuck in this house for two days ,0
is really sad and doesn't really know y!!??!!! ,0
@thousand_miles no ,0
"Maybe one of these years I'll get a tax return.  A girl can dream, right?",0
"Back at work, tired as hell and i feel a cold coming ",0
@clarianne @Knot2serious APRIL 9TH ISN'T COMING SOON ENOUGH ,0
"@hannahsix cream for his eye and he may have herpes - not ocular herpes, but a different strain.    He's doing okay though.",0
@clarianne APRIL 9TH ISN'T COMING SOON ENOUGH ,0
wants to cry ,0
has hurt her ankle!! and is going to the dr ,0
@raymondroman oh noes. how did you manage to send something to the trash can AND empty it without noticing! i feel for ya ,0
Lost my free copy of radioactive so can't put it on my ipod grr!And i can't go out + buy 'nother coz it came with that paper ,0
doing make up shit ,0
"Photoshop, I hate it when you crash ",0
vacations makes me feel sick! ,0
you shouldn't have gone ,0
listening to Murd and 9th wonder- just chillen out missing my crazy sex life  ,0
"@louie094: shooting!?!! be careful, luisa ",0
@hillary006 I'm sure everyone has ruined my gift to you  Whitney has my serious Cell #...We doing easter as well?,0
is at Beso in Hollywood... so tired ,0
"I don't want to wake up early tomorrow.  Damn you, work!",0
just finished watching the movie Prayers for Bobby. Broke my heart ,0
@syekr is myki really horrible? ,0
@stephenkruiser i had 2 put my dog down today too  someone ran her over,0
@NevadaWolf Sorry to hear about your DNF run tonight. Always a risk to get bad coords on an FTF!! ,0
"@Honey3223 I did get some disgruntled people when I wrote my ESN, but the 1000 hits in one day made up for it. Bill pulls in 250 tops ",0
"@moony394 OHH! OMG. LMAO. I'm crying right now, LOL! KUTNERRRR was the best! ",0
came back from running and took a shower...why does my lower stomach still hurt after exercising? ,0
@marymayblood I would love to come help unpack   Let me know where I need to be Sat afternoon!,4
shenagians!  my team is awesome&lt;3,4
listening to some music and just chilling....I'll probably regret not getting work done...but till then i'm just gonna kick back ,4
I am doing a study of Think &amp; Grow Rich - Wow - it's amazing how timeless the law of attraction is! So now we're on our 6 step program! ,4
"@beycah Good for you Becca, have a good sleep. ",4
@MissNappyBoy and ur home is where? ohhh i nkow lexington ky rite next to me ,4
Just seen the preview for the movie &quot;Obsessed&quot; w/ Beyonce. Wow one crazy broad in that movie &amp; Beyonce seems to go nuts in it too! ,4
Easy Rider till I fall asleep ,4
"@miketomalaris I'm very, very, very excited about the live broadcast of Paris-Roubaix. ",4
"just had a real good moment. i missssssssss him so much, ",4
@belliestobabies I have two too. I just don't know how people survive winter without jungle gyms at home ,4
"@PamFR Thanks Pam... glad you enjoyed it. Yes, life is short, it's *now*. No need to struggle... just make better choices every day. ",4
"@JonathanRKnight hmm you have a lot to say tonight! That's great!  Of course, here I am up late reading it. haha",4
"@guykawasaki congrats on 100,000 followers. Wow almost 4 times of what I have ",4
@LarryCarroll ARE WE GOING TO BE GETTING ANY NM UPDATES THIS TIME AROUND? I'm not really screaming. Just wondering. Thanks! ,4
@suitelifeofkell that's freakin' cooool   i love twitter .haha,4
@I3renda maybe. there's nothing wrong with being caring. but try not to care too much. ,4
why does Brissa not even know she has a twitter? -Lauren ,4
@jbrotherlove I thought it was a great love story ,4
"@enbaldarlingg No, that's just the mirror you're looking in. ",4
@amandahesser thanks!  i couldn't have done it without you  ,4
"wow that was neat, thanks God! OVERITNOW&lt;3  i apologize for sharing my spiritual moment with the general public of Twitter ",4
... 31 days until I leave for Ontario!! ,4
Just spoke with my fam in #Japan via #Skype! Love to see my little 16-mo-old nephew growing! ,4
@LissyM ahh i only just saw you'd written that where does it tell you that someones spoken to you? this sucks but mcfly got it haha loser ,4
@KaciMaureen holy laundry woman! ,4
"Good luck for Lauren and the rest of the cast of TBS, can't wait for something to leak ",4
"Shoot For The Moon! Even if you miss, you'll land among the stars. ",4
"@JohnHays hmm, that I don't agree with entirely because I am most creative &amp; vibrant @ night for some reason...but I need 2 sleep too ",4
@izzakizza nada just tryna holla holla.   hows the mixtape coming up?,4
@aussie_ali  yep it makes it so much easier to get points across in 140 ,4
"@snarkattack  The freezer-worthy @amoir has already given it her scholarly attention, but I suppose another set of eyes could hurt not.",4
http://twitpic.com/2y2jf - my cupcakes ,4
"@purrplexa And its a wonderful thing!  I'm all in favor of using the entire English language (shit, I use #expletives too, I think) ",4
@mynameisgerard haha! i'm not saying u should try it.. but maybe u should ,4
"back from school, long walk! its flippin cold outside  2 days ago it was sunny, next day raining, and today snowing!",4
@sisterpatterson I just ate raw cookie dough out of a tub and now to bed. We must be kindred spirits ,4
"@JonathanRKnight : agreed. internet? random. but i like random. watched dirty dancing, great movie, i thought of your song..  nighty night",4
@blooms5887 Just use Tweetdeck and you can update facebook and twitter at the same time ,4
"@firestoned - Dude, stars are always awesome.    Surprised to see you tweeting.",4
@nsastrasasmita k. i'll try to figure it out. i'm gonna go to bed. night night  ,4
"since posting the 2 new photos on my website with the kids my hit count went up...way, way, way up. love to china for 5,000 views alone. ",4
@JonathanRKnight Oh its real Jon!  We all r so excited that u and the guys came back 4 us.  We appreciate all you put out there!  ,4
@LonelyBob Thank you! Am at home pretty much everywhere. Provided I have broadband ...kiddin' ,4
Callin it a night! I always have the best sleep after a good workout!! ,4
@Infinitarchitek Feels pretty good doesn't it? ,4
@stee322 but you did go to hash bash anyway.. ,4
"@loltothepower correction, i GOT a badass fringe. ",4
@wendy_bowser Thank you for the kind words!  I appreciate it.  Have a great night ,4
stressing over this math test...uhhh....2 days till spring break!!!! ,4
"@MintCool uh, because we really need each other, plus, you'd be my designated driver on PCH ",4
@EMPRESSYEN WHATCHA CHUCKLIN BOUT MS.YEN ,4
@ijustine the gym is an awesome place! work it out ,4
@augustography hmmm think we need to get you climbing up hills .. you'll be really sining then ,4
Just won 20$ on unc game ,4
Really tired. Going to prepare for bed. G'night! ,4
@keyannaaa the new story of your life will include magic fountain with me ,4
"Im getting nervous that this trip tomorrow may be a little boring. Haha oh well, i always have my trusty ipod and my books of course  lol",4
should be going to bed... maybe i'll do that... but i'm thinking I'll put on Anastasia on my laptop as i fall asleep ,4
@ijustine http://twitpic.com/1ff65 - I love ur top ,4
"still buzzing from SIETAR... thanks to @pattidigh for pushing the old boundaries - boy, someone could make money off a twitter manual... ",4
"@yoshigi I have terrible back and neck aches too... Get a good chair, that will help.  I am waiting for my &quot;SWOPPER&quot; to arrive. ",4
"@juneaurock Hellz yeah, definitely downloading. Thanks ",4
http://twitpic.com/2y2jz - we are so stinkin cute ,4
@Lyndeeezy hahah not yet! but soon. very soon ,4
"Very happy with my new blog design - nice to see recent post and popular posts listed together, and it looks great! ",4
@michaelgrainger we have much more than that in common my friend!! ,4
@ben_mayer better be. I don't wanna have to come find u and save the dog. But I would!  I'm all 4 the animals . Call off the twit police,4
"@klaris nilagyan mo ng knorr seasoning mix ulit ung pancakes mo?! hehehe. teka, heaven and eggs ba to? ",4
@Westneyrhindxx hello westney  what are you doing ?? x,4
@WhereisKevinn well my night seems pretty boring in comparison to the strokes you've experienced tonight ,4
@jephjacques I love the way you draw giraffe eyelashes. ,4
@SwitchItNow ahhh shiner Bock in Austin YES! thanks for the Twitter @reply so I can relive too ,4
@holytshirt Glad to read it! ,4
spent the evening outside in the beautiful warm weather. finally feels like spring ,4
pullin an all nighter wit my bffl madison ,4
@AttractMode Thanks for putting on such a great event. Can't wait for the inevitable sequels! ,4
"I don't know why I still find this hilarious after hearing it like 200 times in a row, but I doooo  ? http://blip.fm/~3x8ok",4
@thenub you are too ,4
@jimmycarr that big oaf can play piano? ,4
Bryon is my tea bitch ,4
"@mattbraga Oh, they can stay. You on the other hand... ",4
I am gonna help my mom get a twitter ,4
@lavsmohan...... Yup!! saw the entire match....reached office late.. ,4
"going to bed. My bb isn't working &amp; I'm bored.  Night all. Love me harder tomorrow, than you did today. Peace, Prayers, &amp; Blessings.",4
@DEEJAY_BOOGIE ya we did trying to beat traffic but ya hope to be back soon ,4
"India wins a test series in New Zealand after 41 years! If it wasnt for rain on the final day, India would have won the third test too ",4
@ashvala Was driving in Old madras road on my bike!! There is no concept called parking on the side ,4
@upstatement can I apply to be in your class too? ,4
is reading manga  http://plurk.com/p/mzp1e,4
@BradmanTV Thanks....it seemed the right moment. I love your show.  Your songs bring me joy.,4
@Adri_Mane ROflmao... niqqa please. you ackin' a fool now. ,4
@comeagainjen http://twitpic.com/2y2lx - http://www.youtube.com/watch?v=zoGfqvh2ME8 ,4
"@vjl also, your website seems to be down, FYI. pity, I wanted to check it out  sure you knew that though.",4
@LindzNicole so let's make it right! ,4
"@Lexi_83 We.... went professional in October 2008, we've just not update any of our websites or anything until yesterday ",4
@rhonda_brown thanks for the tip on Sam's Club! ,4
@KourtneyKardash yep Mornings are the Best! nighttime is chill time ,4
@pocketfulofme yay!!! hehe TWINS ,4
@jolilore Thank you ,4
"&quot;City of Ember&quot; was AWESOME!!! SO have to finish the book and read the next one (ones?) now.  Time for bed possibly? Who knows, really. XD",4
"OMG, I would have died!!! actually no, I take that back...I keep an updated version on my X:drive so it's all good ",4
@trugiaz You and i mate! ,4
 just watched the movie Wanted... it was pretty darn good.,4
just got home from Neil's. watched Nick &amp; Nora's Playlist... pretty funny  ,4
"@theexclamation ah yes, twitter seems to be the perfect venue for whining and wasting time.  now that's my idea of fun ",4
@donniewahlberg hell yeah! there's the effin man! ,4
@roshnimo Dont be lazy............try a few out.... tools are to make life easy for lazy people ,4
"@aiduong Oh goodness, I didn't know you could message friends on here! Hello Ai ",4
Thinks everyone needs to go buy Tina Parol's song Who's Got Your Money on iTunes ... NOW! ,4
can't wait for vegas ,4
@theDebbyRyan Hey Debby ,4
One sixty six in bowling. Holy shit lol ,4
"dear dbq, you were a pain in the asssss. i'm glad i'm DONE with you! ",4
and now off to bed after an amazing night chatting with a pretty amazing guy  ( you know who you are),4
"@lhawthorn What a coincidence! I was just stalking your Twitter feed and the GSoC news. ;) I'm doing great, thanks. How about you? ",4
"has discovered that she loves easter crafts, eggs, hot cross buns... feel like watching the prince of egypt to aid my easter meditations ",4
"Didn't get my nap before, thinking I really need one now. Be back later, twitterpeeps. ",4
Trying to figure out a way to pay it forward ,4
oh oh oh!!! gonna go buy Twilight on DVD today  I have to extend my overdraft for the 2nd time in as many weeks so I may aswell!!,4
my very first twitter  awww,4
@SimonBotes glad you like ,4
"@lightblue_82 woo, you won't regret it. ",4
@theaptour thanks so much ,4
 Please?: http://eluts.com/frontstore/Item/item_zoom.asp?item_num=3418&amp;catalog_num=3&amp;mart_id=lutsdoll&amp;level=yes&amp;mother_catalog_num=554,4
@SJS86 haha i saw that one the other day. sad. i'm entirely too addicted to that site now. endless laughs ,4
@lolly2420 this is nuts! thanks  I am dying over heah!,4
"@markhoppus hey mark, i want to know if the song &quot;Life's So Boring&quot; is really blink 182 , please tell me  doubt been on my head for years",4
"@Kelly_N_Va by Jordan, I think he's got it!  ",4
"up and running, London calling ",4
"What A Day  I Just Loved It. Sun, Food And My Girls  Cannot Be Beaten. Eyyy! I Bused It Home Tooo Hahaa. Have An Ace Time Darl.  xxxx",4
just got home from school (: meant to be getting my hair cut .. but i cbf. lol dancing soon ,4
"Sleeeeeeeeeep, then an interview tomorrow! Wish me luck ",4
Awwh babs... you look so sad underneith that shop entrance of &quot;Yesterday's Musik&quot;  O-: I like the look of the new transformer movie ,4
@lauredhel I just friended you on LJ ,4
eating ice cream to reduce the heat ,4
wow san diego is so beautiful. even more so now that we won  but whats a good game without a good fight(;,4
@epistemographer @digitalhumanist Doing a disciplinary PhD with the support/structure of a New Media program like that sounds heavenly ,4
"must sleep, big day tomorrow. two tests AND class registration for next sem. ahh! goodnight, twitterers ",4
"@claire_brewer I've seen one of those aisles in Borders in Oxford. They're... well, tragic ",4
@thornbek Erin Esurance is so hot. Carry on ,4
@Boobookittifukk not there yet. And i beleive so  red carpet sighting i hope.,4
the cars in Fast and Furious get me excited ,4
@comeagainjen Jennifer ,4
@betzitall Wall-E is a great battle for stress.   Yay for staying up all night and doing homework together!,4
"It's been a while since i have watched the Cosby Show, i forgot how funny it was  BUT CAN'T SLEEP THOUGH grrrrr",4
"@landrew Hehe, thanks   Was going for the incendiary headline this time ",4
@honeytech Happy Morning! ,4
"@SashaKane Um, my kids get up at 5am &amp; need their breakfasts cooked, you ready? ",4
@saad_83 I wasn't late  I was right on time,4
@myk14 Thanks buddy *high fives* hehe ,4
@sytycda Could not agree more!The unison&amp; committment was incredible.Considering the pressure they r under made it all the more amazing ,4
"@cityrat59 lol! you counted 15 times! Yeah, it was a drag today...wasn't sure if my tweets were going out. seems to behave now though ",4
@comeagainjen http://twitpic.com/2y2lx - and you are cooler than her she just wants the babiiesss O_O HAHAHAHA ,4
@reesh heyyyyyy want to hook it up!! lol ,4
Saddle Ranch Comedy night. Then back to the boy's house ,4
Today I performed for the first and last time at the Grebel talent show. 4 exams left until undergrad is over ,4
@xShorty4Lifex white!! ,4
"@thesouthernstar haha... sarapan aja belum kok, udah disamperin sama client di rumah...  ",4
@JonathanRKnight  i do embrace the simple life.  simple things like a new kids reunion makes me an extremely happy girl ,4
"@lapcat Need to send 'em to my accountant tomorrow. Oddly, I wasn't even referring to my taxes. Those are supporting evidence, though. ",4
"@mmcallen Sigh, wish I could have a GMIC meeting here in San Diego! Spoke to Johanna already, she said it was great... ",4
had a wonderful Portland evening! Thanks Carrie ,4
6:37 in the morning and haven't been sleep   YAY!,4
Headed off to Wal*Mart for more boxes. Uber excited ,4
@axisportals scowls are a lot more temporary than adulthood ,4
I'm melting. *sighs* Serendipity is such a sweet sweet movie. I love it. ,4
@JonathanRKnight wake up with ah Jon tweet. The Best start for my day  thx Jon love You,4
Got an inspiration -&gt; dyeing my hair! ,4
just  created this account...looking around ,4
@amyg0716 I'm gunnna do both of those things ,4
"http://twitpic.com/2y2tq - So far, it is interesting. ",4
"Haven't tweeted nearly all day  Posted my website tonight, hopefully that goes well  Night time!",4
"@craigsutton     that's a long-time, good for you!   ",4
(@thuquoc) jizzin' in my pants excited about seeing ARMIN VAN BUUREN tomorrow ,4
"@mehulbhuva Good luck, and let me know how it goes! ",4
"@tayswift Congrats from Peru! You were/are amazing! i was speechless,thank u so much! come here someday plz, ill wait forever seriously! ",4
@rogieking Congrats on the newborn! Our first is due in June ,4
Dodgers beat the Padres  Go Blue!,4
@jbruin lol esp when your updates hit my phone... ,4
@JonathanRKnight I'm just glad you appreciate Iowa.    Come back in late summer when they're cutting hay...  best..smell.. EVER!,4
"@pjaficionado  Having fun, loving life, happy to be in the game. Everything else is a bonus. Not just BS either!",4
@vuittonretarded  awww. Is there anything i can do ,4
But I do not mind.  Goodnight,4
@mistressathenax oh lets let it be a surprise. ,4
Proud future member of the R.B. ,4
@miss_tattoo heyy!  you got those pictures of Donnie's gift on the USB stick?! ,4
Giant Drag &quot;Wicked Game&quot; ? http://twt.fm/32811 #musicmonday - Better than the original &amp; the commercial promo song for Nip/Tuck season 5! ,4
@web20classroom Fabulous post about WordAhead!  And overall loved your blog.,4
Much Luv to @espressowoman54 &amp; @tommyruffin who's now following me on twitter!! ,4
@KendallMassey @jclayville rocks. But don't tell her I said that ,4
"@Gerry_Butler If it's something you will enjoy and will make you happy, why not do it? ",4
"just discovered tonight that her church is serving breakfast on Easter!  (I'm not sure why this is so exciting, but I suspect the baby...)",4
@Tiandrance ,4
@yoavsegal Morning ,4
finally back on twitter ,4
God sho love him some me  feeling really really blessed tonight++++++,4
@adamdexter i can't wait to see you buddy ,4
@allan_at_rogue thanks Allan! They are photos from a Joolz Soiree I held up in Brisbane last year ,4
there is link about how to enjoy dark chocolate within the post..  http://chai-coffee.blogspot.com/2009/04/chocolate-flavoured-math.html,4
"@chazdrums if i know how to do something, and have time... Its so easy to answer ",4
"Wow, the house looks so different...AND OH MY GOD MY DOGGIES ",4
ahhh loved this sunny day....I am working a good sun burn on my nose ,4
@FoamingBBQ I had to read it last semester.  By &quot;read&quot; I mean skim for keywords and read online outlines.   Got an A too ,4
@dalecruse Yay! Love Box.net  My first business partner Sam Ghods is on the founding team. SO proud of him 4 building an excellent utility,4
@JonathanRKnight Glad to hear that you had such a great night! You rock &amp; I hope tonight is just the 1st of many feel good shows for you! ,4
Anyone else catch Scott Bakula's &quot;Oh Boy&quot; in #Chuck tonight?  ,4
@fatbellybella the media is a trip [period] we have to guard our minds...along with our hearts. Don't fret ms.badu UR THE BEST!! its true ,4
"Ahh, the tedium of fixing broken file links in Inventor.  Good times.  ",4
@theDebbyRyan  where!!?!? ,4
@Laatina MONDAYS ARE WHAT YOU MAKE OF IT. ,4
Well in the past two days I have had 45 min. of sleep.  I'm going to watch TV while laying in bed and try to sleep.. Night peepers ,4
I'm officially going to bed! Goodnight ,4
I now have painting clothes!   ,4
@msaleem LOL not yet my brutha from anotha mutha ,4
@berofx: good luck with your challenge ,4
oh oh found some clothes!!  And i love em xD,4
Rocking out to No Doubt and gonna start up some more Neverwinter Nights ,4
"@kameelahwrites phew! all that hair, gyal! ",4
keepin it real.  ,4
&lt;------ Branded ,4
"I'm adding my fellow PFers.  Nice to see so many of us here, too! ",4
Had a good time at Eat n Park drinking a latte and playing Munchkin Impossible with @Chriswolfe2007. ,4
@momentbymoment1 - I'm sure you and your site will! ,4
@JonathanRKnight Good luck with the cruise!! Your gonna need it! ,4
"@glutenfreegirl  well, I'm doing whatever our neighbor tells us, and if that produces vegetables, I'm cooking them!",4
"@milagro88 Hi there, Cel.  How are you doing today?",4
"@Chubbx Goooooood morning, Chubbx  how are you today?",4
@BrittyDS Don't blame me.  I just like good things. ;),4
@darkknight808 okay! I think little oven again on wednesday!  7-9pm?,4
@LoriGama that's most excellent  lotsa people loving you hehe *Winks*,4
"@jia_zhen it's an odd little thing isn't it, 'is it from another planet?'.... but i think i like it ",4
"amidst all these recession talks, my friend told me yesterday that she got a pay hike  it sure is a nice to hear that.",4
is now using windows and tweetdeck... temporarily... ,4
I Joined ShoeDazzle Society by @KimKardashian I am Excited! Can't wait for my Shoe selection!  Link: http://www.shoedazzle.com/,4
"@robgokeemusic I know - I should have made some, taken them to my meetings &amp; I should have foreseen my sister was going 2 pick up a stray ",4
@JonathanRKnight you can DIRECT MESSAGE us/me/all of us...whatever you want ,4
@mars2thestars here it is  http://tinyurl.com/hecklerxyz,4
Week 2 of the fitness challenge and I'm starting off strong.  Just submitted my stats for the night and it ain't bad ,4
Your Following for a Reason.....  www.facesbyrozzj.com,4
"I missed twitter, ym, multiply and PET SOCIETY. I haven't been able to use the internet because I was quite busy for the past few days. ",4
"@mileycyrus Juz watchin' 3 eps. of your show HM, I must say I instantly became a fan of urs! ;D Lovin' ur humor so mucho! More power 2 u! ",4
I have a new background  It didn't exactly work how I wanted but I was bored with the old one.,4
If you are at #Paragon please vote my work!  LOL,4
@mrskutcher I keep forgetting you are in a different time zone than normal! I see your 'tweets' about the morning when it's 10:45pm here! ,4
@mantia Do you have an example of the animation? I mean a youtube video or something? I'm curious to see it work. Snowing there too? ,4
@TheRudeTypist Need an invite to hunch? ,4
@JonathanRKnight Thought you were a Mac ,4
@JonathanRKnight Maybe Jordan could help you answer a few? Just an idea.. ,4
"Finally made my map of Panama. &quot;What's a Panama, is that like an animal?&quot; Haha love my friends ",4
@ManyaS ,4
@ddlovato I will gladly give you the squirrel in Jenny's house if you join us. A SQUIRREL. It'll kill two birds with one stone! ,4
Got the vocals done! now time for the best part: the music track or bed! whichever you wanna call it lol ,4
"will be part of my friend's wedding entourage. In Tagalog, abay sa kasal. I'll be carrying the veil. Thanks, Mau. ",4
"@Bern_morley it's the weather, petal. don't sweat it ... oh ...  ... sorry ... ",4
@dfizzy Hey There ! How are you today? ,4
"Whoops, sorry to anyone trying to email me earlier today. My inbox was full but should now be empty ",4
@chocolate_dip lol i wasnt complaining just making sure @yoeyfreshier wasnt getting off before me but @tivon cleared that up ,4
@mademoiselledee That is one freaky movie. I like &quot;I got life&quot; ,4
Megan is hanging out ,4
Going to bed and then up early to prep for an interview in Cleveland tomorrow ,4
A healthy remedy for you AND your dog  http://PetParenthood.blogspot.com #dogs,4
That was sick. Soma rocks. ,4
@staceysoleil  yep..lol  I was bored... Edward is hunting with the guys..,4
@victoriaerin HEYYYYYYYYYYY YOU ,4
"Studying philosophy and math... &lt;----BLAH aka listening to music and on twitter, facebook, and myspace ",4
@JonathanRKnight There is no way on earth that you can answer everyone  Will you ask Donnie if he got the gift from my 9 yr old lastnight?,4
on my psp browser for the first time in over a year ,4
@aparajuli good luck to you ,4
Is glad the Angels won their first game of the season. ,4
@misstoriblack I have absolutely no doubt that I will!  here's to your continued success ,4
Another day in the office... 2 days to go.  http://twitpic.com/2y2y1,4
@mattimassacre nice  yeah so wish I could afford those things,4
@loic I want to see that too! But it'll take so long to get 800 friends.. ,4
Uploading the greatest cartoon from the Newspaper ever - regarding Twitter. ,4
"@levimorales glad you liked! That Henry Ford had a good idea every now and then, didn't he? ",4
@elissakim  yeah!  opening day too!,4
@iamdiddy I feel you I hate working out too! But our results will be MAJOR! When you look good you feel good! ,4
@fmsQuatro the A's are my AL team ,4
had a really good day    off to do some shoppping,4
@kamy775 ok..I did it...hope it works now ,4
@amp451 good night  sweet dreamz,4
@i140 I hope that Scentsational doesn't get dissed ,4
will invite people to twitter. ,4
@bluestreak23 @jasonandjodie Coming soon enough my friends - Big project in works for just that - Good new and only good news ,4
@cookrn woohoo!  yeah that day i was rockin it hard core  ,4
"@JonathanRKnight Hey Jon we all love ya and understand,that's all it counts  ",4
@imalcolmjames no internship yet but ive got a place to stay. w/ any luck i'll spend some time in teaneck before heading back to utah ,4
"If I can make it to bed without running into a wall or tripping over my own feet, that is. Heh. ",4
"@mayhemstudios Yes, using it for 3 week now. Pretty happy with the result ",4
@larryczerwonka Exactly!! ,4
i wonder how long i can stay up until i pass out and wake up again at 6 ,4
@DonnieWahlberg Great words of wisdom D-Dub!! Now can you tell the doctor to let me have some alcohol &amp; caffeine!! ,4
@Jonathanrknight so good knight and sleep well.  I know I will now!! ,4
exhausted! but glad i got to see UNC become national champs!  ,4
Centrelink wasnt as bad as I thought it was going to be !!!! ,4
@davesjessica wouldn't want you any other way! ,4
Is hella excited cuz the Italian is here ,4
"Love having access to a research machine with 4 quad core 64 bit opterons, and 60 gigs of ram ",4
"It was quick, but exhausting. 1 day @ a time ",4
Jasmine and Bohdi are here for the holidays!! ,4
@pfspleen I'm good! Had some very strange dreams last night but hey dreamin' means i'm sleepin'  How's you this morning?,4
going outside to jump on my trampoine  WOOOT!,4
@SophieVeronica today was rad. we made it into the finals for cross country YAY. love you sophie &lt;3 (L) ps everythins cool with my mates ,4
"@HuntersMama1985 LOL, I was thinking the same thing ",4
"@JonathanRKnight Don't feel pressured, none of us EXPECT a reply back, we're just happy to be able to listen to you talk  ",4
@Suai Oh &quot;Shooter&quot; is a good movie!  Only seen it once tho.  Gotta put that back on my &quot;to watch&quot; list! ,4
@DonnieWahlberg I can tell u have spoken. FB &amp; Twitter are on Fire right now!!  Hope ur feelin better love.  have a great night...,4
"@KourtneyKardash i hate morn workouts bc i love to sleep late  ha have fun in mexico! love the show, is the trip gonna air on keeping up?",4
"i'm feeling somewhat artistic...time to break out the sketching pad, i feel a new dress design coming ",4
"@danielkirkley Lead Me To The Cross is one of my favorites!! Great job, D!!! ",4
just got back from starbucks.. tried the tea with lemonade very good  miss gg already. 1st one!,4
BOOM BOOM POW-oops ,4
"well tweeps, im off, i gotta have a shower then go get a haircut. good bye everyone ",4
@juliaroy I've just seen your Flickr and I've fallen in love!!! Just Wonderful!!! Awesome... !!! ,4
@danielc Sorry it wasn't Wrath of Khan.  But we made do. ,4
"juggernaut, dr. doom, magneto, &amp; xavier!  ahahah today was a good day n__n",4
@ricardooooo we'll have a geek off next time you are in Tahoe!! But you need to get miss vicky jay reciting star wars by then ,4
 aww dont make me blush!,4
trying to figure this thing out ,4
watching &quot;The Princess Bride&quot; I want a Wesley!!! ,4
"@esotericsean heh, thanks for advertising my skills ",4
@pmeanwellralph not at ALL.  I was SO offline from here for about 6 wks with my PACKING and then MOVING to #Vegas. ,4
@aaminahh I'm excited about the books you received too! ,4
@DonnieWahlberg 8 more days Wahlberg.. .then it's YOU and ME !!    Finally!!!,4
@everyone if im following u. . .its mandatory u follow me ,4
@codelust the dvd is with me. will bring when we meet next ,4
@Sexxyindividual well i dunno..i didnt give him an ans yet  u kno who am i talkin bout??,4
@pkahleeb how that big baby boy doing? How are you and Em doing? Have you figured out you may never get a full nights rest again? ,4
@coryBasil Hurry up and be the first person to publish a book of twitters! ,4
@stevonelson  I like that one. I've used it on a project here.,4
playing with my new toys ,4
A fair goodnight sweet Twitters. Have pleasing dreams and a restful slumber. ,4
@marsacademy ugh I am so jealous of you. I miss those boys. Tell them I say hi. ,4
Budget: A method for going broke methodically.    #1liners,4
@naughtyhaughty Sooo chill!  So what part do u live in? I went 2 Laguna Creek in South Sac then got my own place in Citrus Heights...,4
@StacieLane  How are you? Was good seeing you @ Lip Service last week!,4
@KeepinUpWKris omg you are the best mom...your girls are blessed ,4
is watching CSI : NY.  ) Excited for Lighting Workshop. ,4
Fine-tuning part of a song Maddy and I r making.  Sounding good. I feel pro. Not. Hahaha,4
shares Yeheeyyy! My karma has gone up  http://plurk.com/p/mzrpe,4
"@javajive humm, the iStore had alot of similiar reqs. Maybe you should head their way ",4
@pocketfulofme hahaha i so should of! but my nails were wet. hehe.but he was helpful  he flipped the magazine pages for me ,4
Blackberry Bold and Kingston 8gb microsd card en route ,4
@ontheMAPP DITTO! not as good as the Nirvana Sandwiches ,4
@augustineiv Thank you ,4
@kcarruthers *flicks hair* I prefer to be called a &quot;twenius&quot; ,4
"@Steve_Buscemi And the weather in England, at this hour of the morning (6:47 am) is cool, gloomy &amp; crap. YOU have a nice day, mate! ",4
Im going to JAY LENO!!! ,4
"@DonnieWahlberg Yessirrr! Don't give anyone that much power, do what makes you happy...that's why I'll be seeing you in da summah!! ",4
ADD ME ON MYSPACE!!!  myspace.com/LookThunder,4
@JonathanRKnight how does it feel to have thousands of girls anwering ur every twitter? Must be cool ,4
"I'm up. quite... err, early. My colleague &amp; i are off for outfit hunting. Need some new gowns. Gonna leave my 2 big babies sleeping. ",4
agghhhh  looosing my mind!!!!,4
"Amazing night in Dallas with my Advanced TV Production class  Happy Birhtday, Sam!!",4
ugh... allergies are killing me tonight! this house is driving me crazy! you and i should just run off and live in a bubble together  yes?,4
"@DaveLindquist casting director called me today, she's wicked excited &amp; is presenting us to the producers. I'll let you know when I know ",4
@busybeeblogger I hope so too. More movies where we get to see his lil Gilles again hopefully ,4
"just gott homeee, sawww the haunting off conetticuttt. haha SCARYYY!  going to florida on thursdayyy! &lt;3",4
@legmar @linnix glad to see my household problems entertain you ,4
@surfclubhit hope you had fun ,4
is home. Hmmm how lovely to be in 85 degree weather. ,4
@stacylav Then I'll you a Vancooooooover shout out to your new &quot;personal&quot; account. ,4
@EricBttn Yeah right!! Just hang out with the cast and accidentally have ALEX fall in love with you too right??? ,4
There's always something good happening in our lives. We just have to open our eyes and take time to realize... ,4
@brainstormprick broke ya record and i got 2 witness it  yaaaay!,4
@DerekHousman holler boooooo! haha I founnndddd you ,4
@AngelsMind hey hey. ,4
Great to see you following us as well @mazda3rev ,4
@frenchGCfan I live in Sweeeeden  it's SO boring here -.-,4
@mrskutcher it's only 1am here...i'm just on my way TO bed lol. weird. hope you have a good morning! ,4
@_writersblock_  me too. thought I was going to bed but had to reply to jon &amp; donnie ,4
Just bought a car!!! YAY for me! ,4
"@ddlovato heydemi  whats up? haha, i just wanted to say i love you music and your a really talented person. love to hear from you &lt;3",4
"@milagro88 LOL! That's ok. Yeah, we did.  He's looking forward to Thursday since we're going around for Visita Iglesia. 14 churches!",4
OMG .. Have to load up the iPOD off to Fresno tomorrow.. I need to stay entertained.  Leaving at 4 am urrrggg!,4
That would be why @JonathanRKnight laughed at me when I told him my username has caca in it. lol ,4
"Tune Hotels, has opened bookings for brand new rooms in its upcoming new hotels in Kuching. ",4
@wolfsoul Thanks!  ,4
"@HeatherSullivan and, by the way, thanks for helping me define that better. ",4
@laurenrodriguez try it and see. it's all trial and error. ,4
"@MrSabur sweet, thank you ",4
And p.s. I'm getting paid to boss my sister around ,4
Yess! Twittering from my phone again! ,4
"@anaperiodista still its fun to go out there. im jealous, you were at Wrigley field though., i might have to go out there this summer ",4
"@LBheart_Jessica Yes... I'm going to Kenya in August for 10 days w/ Tumaini International, loving on cute AIDS orphans. SO excited! ",4
@ycsing that's nicki our monday night drag queen... ,4
@pointlesswords Sorry no credit - switched Jose for Xavier ,4
@warp I love that Aussie cattle dog story ,4
@MFeatherstone way to pick a winner! ,4
"called my hunnybunny, and i miss her already!  night lova'!",4
"@willkuhn Granular synth tutorial = cute  Oh, and very informative, too.",4
100 followers - that is exciting ,4
"@paul_e_wog haha, I dunno about the gay..I read it more in a Strong Bad voice. ",4
Trying out the new Riedel glasses ,4
@JonathanRKnight I am beginning to think that you are now finally Twiverted ,4
"Hungry! Hungry hungry hungry. Starvin' like Marvin. Only, he isn't starvin' anymore, I just fed him his nightly fish-food ",4
@noarmsjames my lovely man is cooking me dinner and then we're going for a walk ,4
@RumLover if more than one lady agrees to attend with with you then I am fine with it! ,4
I'm getting ready to drink tea.. Emma's gonna eat some Rice meal. ,4
@DonnieWahlberg you make me smile ,4
@lucky_23 Your avatar is teh purdiness ,4
"@jennifermf totally know what u mean!this late night stuff has been 2 my detriment 4 YEARS,lol;society is discriminatory toward night ppl ",4
Survived the night time gherkins.  Heads swimming with ideas this morning.  Only a few of them are actually workable. Time to get busy! ,4
I'm on brookes computer on piczo and twitter watching viva la bam. ?luv it? its 1:00 am and still in my skinny jeans. ,4
@angiekaybee yep i saw him in february and i get to see @dfcook on may 8th. looking forward to seeing him again ,4
@tweeterdiva I only have one for now... I'd love to have a herd someday! ,4
@Tammi_LA Miss you! When are you free this week??  Can we do Yuri or something?,4
@briandavidz - I actually want to go to disney. we'll see if i have time ,4
"@heidimontag Glad I could do my part! 1/185k worth...If you'd like to help me Conquer Twitter, I'd be grateful @jazf or http://jazf.com ",4
@contactnaveen this is gr8 news indeed ,4
@MaraBG Goodnight I've enjoyed getting to know you too. Twitter you later ,4
listening to dashboard &quot;ghost of a good thing&quot; mannn definitely takes me down memory lane  good night kids,4
23 or 24�C possible today. Nice ,4
"ready for nice weather, day drinking &amp; not to ever be a student again ",4
"@nick_carter you are my IDOL, i love you!  you should reply to me.. &lt;3",4
"Holy he'll, just had an epic Aporto burger with epic amounts of chilli sauce ",4
Going mimis with thoughts of Shick and Gavin DeGraw songs dancing in my head. ,4
@Lucky_Kristin  do you need any cookies?  I can get you some.   #girlguidecookies,4
heyy loves!! just finished my record in the studio!! going to kick it with lauren c.!!  byee!! &lt;3,4
"@hwaiting oh it's a random game lol im addicted with that, don't be afraid, join and be my pupil ",4
"haha, jeffree star's comment to me didnt make since but i still luv him. i am like wide awake and freezing! listening to lady gaga ",4
@PrincessSuperC Hey Cici sweetheart! Just wanted to let u know I luv u! OH! and will the mixtape drop soon? FANTASY RIDE MAY 5TH!!!!  ,4
I think im in love ,4
"By the way... I never imagined that I'd have 111 followers. Thank you all, even the robots ",4
"my body's aching to rest, my mind's so freakin alert, my brain can't absorb a damn thing. but i must endure............ sike. gnite ",4
"@paulfeig the internet blows my mind everyday, the way nothing else can! ",4
@WBPodcast Hells to the no.  I only room with @demmalition.  ,4
Just saw Sunshine Cleaning. I love Amy Adams ,4
Maybe if I jus listen to hawaiian music everyday my life will be more relaxing haha no? (via @lisakimfleming)worked for me ,4
@hzell good luck!!!! ,4
@JamesDeen you are my own personal Jeepers ,4
"@hassox no, but that sounds like a good idea, steve. ",4
"@OkieAnnie It's never too late!  Thanks! It was hard, so hard, to concentrate on taking screencaps",4
@RobGrimes whats gooooood ,4
@dsiegel99 now if i could get to san diego the same night i could celebrate it twice lol thanks ,4
LGratitude is a great multiplier. Giving thanks and appreciating all we have opens doors for us to have more. ,4
Yay tomorrow i get to do today all over again! ,4
"should be in bed, but whatever ",4
come back ,4
Mmmm.. Page France.. If you don't know them.. you should   lyrical brilliance,4
"@ThePartyScene  &quot;you dream in black and white, i dream in vivid lights.&quot;",4
hanging out with biology til 4am woo  !,4
"@ballookey Recoil pal? I'm a guy like me!  I will grab this up online tomorrow, currently texting from bed like a moron.",4
at work - listening to punk rock &amp; about to eat face cake - life is a mad lil drug ,4
Ok so I lied... Late night cravings and George Lopez got the best of me. Lol. So much for community service tomorrow ,4
@mistygirlph - hehehe. that was my halloween costume  we only have Friday off. flying to hk,4
@NLPride08 oh alright ,4
"@shannonelizab Happy Anniversary! As promised, here is your present from all of us at DSFF.  http://www.youtube.com/watch?v=mp1JzFFLMS0",4
@jamiegirl9 you silly goose...taking the cleveland browns to the superbowl eh?  i'm rootin for ya! ,4
@daygan Wow! This Ubuntu feature is really cool  ?? again! Got More??,4
@VampireBill  Goodnight and take care ,4
@fromGGwithLove we shud go see obsesses ,4
@derherr: thanks for the heads-up. Will follow and judge. ,4
Tomorrow is my friday!  +it's a late day for me. Thank goodness. ,4
Monsters Vs Aliens in 3D was fantastic ... Ginormica is my new favourite superhero ,4
@mikeexists waiting for your call ,4
@nicolerichie only one of the best sappy love stories ever ,4
haz her gown ordered today.  and dropped boogie off to the airport.  and now.. laundry galore is to be continued.,4
hanging out with Emily. I love her. She's wonderful. ,4
"@Bokul lol... that was a jhoke right ?? Get OpenOffice. Free to download and use  - No cracks, no piracy. Makes M$'s life hell",4
Watching Paranormal State.Pretty interesting ,4
"@arielbh Hope I'm not too late.. anywat, Good luck ",4
@JonathanRKnight You are so right for saying that and good for you that you said it!!    Good Night!! xoxo,4
Morning mates ,4
TODAAAAAY! Let's show Nottingham how things are done! ,4
@arataka yay!  you found them!!!  ,4
@zinedistro Your welcome. Looking forward to the event!!  Not long until May 1 now....,4
@caitlindean You should never regret. Things happen for a reason. Figuring out what that reason was is the hard part. Use your friends. ,4
standing in the richardson office changing a backup tape... I'm such a work-a-holic! ,4
@ work and then &quot;school&quot;..... ,4
@thalovebug ,4
injected with office coffee ,4
"@korionmorris oh no problem  im good, awake, should be sleeping. haha. how about you?",4
"@yannionline I wonder who directed, there's definitely an ipod commercial in their future. ",4
@nanalipzz89 Hiya Tudy  How are you sweetie?,4
studying pediatrics and listening to NKOTB (as always!). The kids are pissed cuz they're trying to watch the Disney Channel ,4
@fourzoas Good night! ,4
@comeagainjen Which two people?? ,4
@jeanchia you're welcome dearie!  voted already! goodluck!,4
"Exhausted. Even so, my bed is super comfy/cuddly  Overall: content.",4
"@josesosa Ah, typical adolescent boy. It's ok, son. You'll see better days. ",4
Good morning to all followers. I wish you a nice Tuesday and good luck with your business. | Allen Verfolgern einen sonnigen Dienstag.  ,4
@dangersqueezit I agree. I have weak enough teeth as is without bleaching away layers after layers.  Oh and Victory! Or death?... ,4
@camillejaiden I saw that ,4
@JonathanRKnight Don't let the bedbugs bite.   Sweet dreams.,4
@NileyJemiLover Your Welcome Bestie Whats Up Hunz? ,4
done with &quot;The Hills&quot;......have the flu....I think? But I need a smoke. LOL. ,4
@christy8_77 and just when did you arrive? hiya girlie ,4
/nickserv register izon 123456 xxx@gmail.com  re: http://ff.im/1XVdh,4
GOOD NITE EVERBODY I HAD A LONG DAY AND DID A PROJECT NOW IT IS FINALLY TIME TO GET SOME REST PEACE ,4
@marlycat  :o do i have 2 say hey to continue been followed?!  ily ,4
@katayy what do you think of Kelly clarkson? her new album has been pumping through my MP3 player for weeks now ,4
@Prince_P follow me chris!! ,4
@JonathanRKnight Good bless you too! hehe  Hasta pronto!!,4
@nanalipzz89 BabyKnightOwl  I won't call you Trudy if you don't want it lol I am fine why are you in a bad mood sweetheart?,4
"@GayTwink just for future reference, since i know you plan to message me hourly, its mykl4 with an L not a 1 ",4
"I M La Boheme: NSFW hey guys, spread the word! the green party is in town!  �I...: hey guy.. http://tinyurl.com/dlevo2",4
@thejoe78 sounds like you're enjoying pregnancy ,4
